id,category,service,business_name,contact_name,phone,address,website,notes,keywords,created_at,updated_at,updated_by,computed_keywords
97,Home Repair & Trades,Window Coverings,3 Day Blinds,,(800) 700-1860,,https://www.3dayblinds.com/locations/tx/san-antonio,,,2025-10-04 12:52:59,2025-10-12T10:23:58,Randy,home repair trades window coverings day blinds shutters shades plantation drapes
33,Health Care & Specialists,Dental,7‑To‑7 Dental (Alamo Ranch),,(210) 538-0777,"11841 Alamo Ranch Pkwy Ste 106, San Antonio, Tx 78253",https://www.7to7dental.com,,,2025-10-04 12:52:59,2025-10-12T10:23:50,Randy,health care specialists dental to alamo ranch dentist teeth cleaning fillings crown
117,Landscaping / Trees / Lawn Services,Pest Control / Exterminator,A-Bear Pest Control,,(210) 650-3200,"12702 Toepperwein Rd #233, Live Oak, Tx 78233",https://abearpestcontrol.com/,Prompt & Thorough,,2025-10-04 12:52:59,2025-10-12T10:24:01,Randy,landscaping trees lawn services pest control exterminator bear
71,Home Repair & Trades,Garage Doors,A1 Garage Door Service,Joshua,(210) 660-5420,"114 N Ellison Dr, Suite 406, San Antonio, Tx 78251",https://a1garage.com/locations/tx/sanantonio/,"Army Vet, Great Service",,2025-10-04 12:52:59,2025-10-12T10:23:55,Randy,home repair trades garage doors a1 door service overhead opener springs panel
87,Home Repair & Trades,Plumbing,"Ads Plumbing, Llc",Danny Stephens,(210) 287-6409,"101 County Rd 4511, Hondo, Tx 78861",,,,2025-10-04 12:52:59,2025-10-12T10:23:57,Randy,home repair trades plumbing ads llc plumber leak water heater drain sewer pipe toilet faucet
121,Landscaping / Trees / Lawn Services,Yard Cleanup / Junk Removal,Aj,Aj,(210) 907-0399,,,,,2025-10-04 12:52:59,2025-10-12T10:24:01,Randy,landscaping trees lawn services yard cleanup junk removal aj
88,Home Repair & Trades,Plumbing,Akm Plumbing,Adrian Moreno,(830) 212-1313,,,,,2025-10-04 12:52:59,2025-10-12T10:23:57,Randy,home repair trades plumbing akm plumber leak water heater drain sewer pipe toilet faucet
133,Pet Care,Veterinary Clinic / Animal Hospital,Alamo Ranch Animal Hospital,Dr. Shannon; Dr. Gaines,(210) 538-7484,"6820 Alamo Pkwy Ste 118, San Antonio, Tx 78253",http://alamoranchvets.com/,,,2025-10-04 12:52:59,2025-10-12T10:24:03,Randy,pet care veterinary clinic animal hospital alamo ranch
32,Health Care & Specialists,Dental,Alamo Ranch Family Dentistry,Dr. Sarah Tovar,(210) 898-2688,"11840 Alamo Ranch Pkwy Ste 90, San Antonio, Tx 78253",https://www.alamoranchfamilydentistry.com,,,2025-10-04 12:52:59,2025-10-12T10:23:50,Randy,health care specialists dental alamo ranch family dentistry dentist teeth cleaning fillings crown
31,Health Care & Specialists,Dental,Alamo Springs Dental,,(210) 463-9339,"11590 Galm Rd Ste 109, San Antonio, Tx 78254",https://www.alamospringsdental.com,,,2025-10-04 12:52:59,2025-10-12T10:23:50,Randy,health care specialists dental alamo springs dentist teeth cleaning fillings crown
120,Landscaping / Trees / Lawn Services,Weed & Feed,Alamo Turf Works,,(210) 371-2125,"2303 Abadeer Trl San Antonio, Tx 78253",https://alamoturfworks.com/,Beautiful Results,,2025-10-04 12:52:59,2025-10-12T10:24:01,Randy,landscaping trees lawn services weed feed alamo turf works
6,Auto Services,Mobile Wash,Albert,Albert,(210) 392-1085,,,Amazing Job,,2025-10-04 12:52:59,2025-10-12T10:23:47,Randy,auto services mobile wash albert
18,Home Repair & Trades,Electrician,All Star Electric,,(210) 391-0274,"5911 Rittiman Plaza Bldg 1, Sa",https://www.allstarelectric-sa.com/,Military Discount,,2025-10-04 12:52:59,2025-10-12T10:23:48,Randy,home repair trades electrician all star electric
102,Landscaping / Trees / Lawn Services,Artificial Turf,Always Green Synthetic Lawns,,(210) 413-1034,"22211 W I-10, Suite 1206, San Antonio, Tx 78257",https://www.alwaysgreen-texas.com/,,,2025-10-04 12:52:59,2025-10-12T10:23:59,Randy,landscaping trees lawn services artificial turf always green synthetic lawns grass astroturf fake
67,Home Repair & Trades,Flooring,Atlas Flooring,,(210) 444-2039,10242 West Loop 1604 N San Antonio Tx,https://www.atlasfloors.com/,,,2025-10-04 12:52:59,2025-10-12T10:23:54,Randy,home repair trades flooring atlas hardwood tile vinyl plank laminate carpet install refinish
26,Health Care & Specialists,Audiology,Audionova Audiology,Dr Rogers Johns,(210) 614-0100,"5282 Medical Drive ,Suite 150",https://hearlifeagain.alpacaaudiology.com/meet-the-team/roger-johns/,Excellent Diagnostician,,2025-10-04 12:52:59,2025-10-12T10:23:49,Randy,health care specialists audiology audionova hearing test aids tinnitus
150,Landscaping / Trees / Lawn Services,Tree Removal,Bare Nature Tree Surgeons Llc,,(210) 540-4669,,https://www.barenaturetree.com/,Free Estimates 24/7,,2025-10-04 12:52:59,2025-10-12T10:24:05,Randy,landscaping trees lawn services tree removal bare nature surgeons llc service stump grinding arborist cutting trimming
162,Landscaping / Trees / Lawn Services,Pest Control / Exterminator,Barefoot Mosquito,,(210) 979-7378,,https://barefootmosquito.com/pest-control-san-antonio-tx/,,weeds pest control mosquitoes,2025-10-12T16:28:50,2025-10-12T16:28:50,appuser,landscaping trees lawn services pest control exterminator barefoot mosquito
127,Pet Care,Mobile Grooming,Barkin Beautiful,Martina Martinez,(210) 606-1528,,https://www.barkinbeautiful.com/,,,2025-10-04 12:52:59,2025-10-12T10:24:02,Randy,pet care mobile grooming barkin beautiful
152,Landscaping / Trees / Lawn Services,Tree Removal,Bartlett Tree Experts,Luke Zinmeister,(201) 655-4670,"13115 Lookout Run, San Antonio, Tx 78233","https://www.bartlett.com/locations/San-Antonio-TX.cfm | 13115 Lookout Run, San Antonio, TX 78233",Emergency Svc Avail,,2025-10-04 12:52:59,2025-10-12T10:24:05,Randy,landscaping trees lawn services tree removal bartlett experts service stump grinding arborist cutting trimming
94,Home Repair & Trades,Window Coverings,Blinded By Delight,,(210) 336-5266,"140 Heimer Rd, Ste 685, San Antonio, Tx 78232",https://www.blindedbydelight.com,,,2025-10-04 12:52:59,2025-10-12T10:23:58,Randy,home repair trades window coverings blinded by delight blinds shutters shades plantation drapes
128,Pet Care,Pet Grooming,Blissful Pet Grooming,Cici,(210) 570-4891,,https://www.blissfulpetgrooming.com/,Also Plant Watering,,2025-10-04 12:52:59,2025-10-12T10:24:02,Randy,pet care grooming blissful
171,Professional / Technical Services,Computer Repair,Brian Totten,Brian Totten,(512) 767-5884,,,HCR Resident,,2025-10-12T17:36:15,2025-10-12T17:36:15,appuser,professional technical services computer repair brian totten
105,Landscaping / Trees / Lawn Services,Concrete Curbing / Landscape Edging,Brush County Curbs & Borders Llc,Wayne Palk,(903) 850-9896,"110 Cimarron Park, Helotes, Tx 78023",https://www.brushcountrycurbs.com/,Brushcountycurbs@Gmail.Com,,2025-10-04 12:52:59,2025-10-12T20:57:17,appuser,landscaping trees lawn services concrete curbing landscape edging brush county curbs borders llc
96,Home Repair & Trades,Window Coverings,Budget Blinds Of San Antonio,,(210) 490-2272,"4553 N Loop 1604 W Ste 1127, San Antonio, Tx 78249",https://budgetblinds.com/northeastsanantonio/,,,2025-10-04 12:52:59,2025-10-12T10:23:58,Randy,home repair trades window coverings budget blinds of san antonio shutters shades plantation drapes
111,Landscaping / Trees / Lawn Services,Landscape Hardscape,Burgess Services,,(210) 994-2239,"6923 W Loop 1604 N, San Antonio, Tx 78254",https://www.burgessservices210.com,Patio Pavers; Cleanup Good,,2025-10-04 12:52:59,2025-10-12T10:24:00,Randy,landscaping trees lawn services landscape hardscape burgess
78,Home Repair & Trades,Handyman,Byron Morales,Byron Morales,(210) 744-9933,,,"Many Jobs, Fair Price",,2025-10-04 12:52:59,2025-10-12T10:23:56,Randy,home repair trades handyman byron morales repairs odd jobs honey do maintenance
84,Home Repair & Trades,"Hvac, Air Conditioning, Heating",C&M Heating And Cooling,Cory Wade,(210) 556-4280,"San Antonio, Tx 78253",http://cmrepairstexas.com/,,,2025-10-04 12:52:59,2025-10-12T10:23:57,Randy,home repair trades hvac air conditioning heating and cooling ac conditioner furnace heater duct thermostat
165,Beauty & Wellness,Nail Salon,Cali Nails,tina,(210) 688-9995,"5511 W Loop 1604 N Suite #103, San Antonio, TX 78253",https://cali-nails4san-antonio.edan.io/,,nails manicure pedicure,2025-10-12T16:36:24,2025-10-12T17:06:36,appuser,beauty wellness nail salon cali nails
3,Auto Services,Auto Repair,Caliber Collision,,(888) 461-0010,"11720 Culebra Rd. San Antonio, Tx 78253",https://www.caliber.com/find-a-location/cac-san-antonio-alamo-ranch,,,2025-10-04 12:52:59,2025-10-12T10:23:47,Randy,auto services repair caliber collision mechanic brakes oil change alignment diagnostics
122,Legal Services,Elder Law,Carol Bertsch,Carol Bertsch,(210) 372-8011,"8703 Broadway, San Antonio, Tx 78217",https://www.assistingseniors.com/,Elder Resources Expert,,2025-10-04 12:52:59,2025-10-12T10:24:01,Randy,legal services elder law carol bertsch
80,Home Repair & Trades,Handyman,Ceja Handyman,,(210) 364-7268,,https://cejahandyman.com,,,2025-10-04 12:52:59,2025-10-12T10:23:56,Randy,home repair trades handyman ceja repairs odd jobs honey do maintenance
107,Landscaping / Trees / Lawn Services,Fencing,Champion Fence,,(210) 490-1441,"15114 Jones Maltsberger Rd, San Antonio, Tx 78247",,,,2025-10-04 12:52:59,2025-10-12T10:23:59,Randy,landscaping trees lawn services fencing champion fence install privacy gate repair
163,Beauty & Wellness,Nail Salon,Coco Nail Bar,Mary,(210) 476-5159,,https://coconailbartexas.com/,,nails pedicure manicure,2025-10-12T16:31:10,2025-10-12T19:44:55,appuser,beauty wellness nail salon coco bar
160,Personal Services,Dry Cleaning / Laundry,Comet Cleaners,,(210) 627-6010,"11026 Culebra Rd. Suite 113
San Antonio, TX 78253",https://cometsatx.com/locations/,,dry cleaning clothes wash dry fold,2025-10-12T16:19:09,2025-10-12T21:43:26,appuser,personal services dry cleaning laundry comet cleaners
2,Auto Services,Auto Repair,Cornerstone Automotive,,(210) 688-2000,"11030 Culebra Road San Antonio, Texas, 78254",https://www.cornerstoneautomotive.com/,,"Electronic Troubleshooting And Repair 
Electrical Repairs And Modifications 
Engine Diagnostics
Complete Engine Repairs 
Complete Brake Repairs Including Abs Systems
Air Conditioning Service & Repair 
Full-Line Suspension And Steering Service
Routine Factory Recommended Services 
Clutch System Repairs
Front End/ Four Wheel Alignment 
Driveline Services",2025-10-04 12:52:59,2025-10-12T10:23:46,Randy,auto services repair cornerstone automotive mechanic brakes oil change alignment diagnostics
35,Health Care & Specialists,Dental,Covert Dental,Dr. John Covert,(210) 543-8400,"7701 Tezel Rd, San Antonio, Tx 78250",https://covertdental.com/,,,2025-10-04 12:52:59,2025-10-12T10:23:51,Randy,health care specialists dental covert dentist teeth cleaning fillings crown
86,Home Repair & Trades,Plumbing,D. Kay’S Plumbing Solutions,Eloy,(210) 573-5865,"5630 Timberhurst, San Antonio, Tx, United States, Texas",https://www.facebook.com/saplumbing01/,,,2025-10-04 12:52:59,2025-10-12T10:23:57,Randy,home repair trades plumbing kay solutions plumber leak water heater drain sewer pipe toilet faucet
157,Financial & Tax Services,Tax Help,Damien,Clutch,,,,,,2025-10-04 12:52:59,2025-10-13T10:09:56,appuser,financial tax services help damien
92,Home Repair & Trades,Sheetrock Repair,Danny Wilks,,(210) 823-4027,,,,,2025-10-04 12:52:59,2025-10-12T10:23:58,Randy,home repair trades sheetrock danny wilks
90,Home Repair & Trades,Roofing,Dav Roofing And Construction,Scott,(830) 481-5650,,https://davroofing.com/,,,2025-10-04 12:52:59,2025-10-12T10:23:57,Randy,home repair trades roofing dav and construction roofer roof hail damage shingles leak
153,Landscaping / Trees / Lawn Services,Tree Removal,Davey Tree Expert Company,,(210) 698-0515,"24175 Boerne Stage Rd, San Antonio, Tx 78225",https://www.davey.com/residential-tree-services/local-offices/san-antonio-tree-service,Isa Arborists,,2025-10-04 12:52:59,2025-10-12T10:24:05,Randy,landscaping trees lawn services tree removal davey expert company service stump grinding arborist cutting trimming
25,Personal Services,Upholstery,David Huron,David Huron,(210) 885-7765,,https://budgetupholstery.com,Very Pleased,,2025-10-04 12:52:59,2025-10-12T10:23:49,Randy,personal services upholstery david huron
168,Health Care & Specialists,Endocrinology,DGD Clinic,Dr Firas Akhrass,(210) 614-8612,"5107 Medical Dr, San Antonio, TX 78229",https://www.dgdclinic.com/,,,2025-10-12T17:25:09,2025-10-12T20:25:06,appuser,health care specialists endocrinology dgd clinic
43,Health Care & Specialists,Endocrinology,Diabetic & Glandular Disease Clinic,Dr. Firas Akhrass,(210) 614-8612,"5107 Medical Dr, San Antonio, Tx 78229",https://www.dgdclinic.com/,,,2025-10-04 12:52:59,2025-10-12T10:23:52,Randy,health care specialists endocrinology diabetic glandular disease clinic
16,Home Cleaning / Domestic Services,Housekeeping,Dina Cordova,Dina Cordova,(210) 769-3231,,,Trustworthy,,2025-10-04 12:52:59,2025-10-12T10:23:48,Randy,home cleaning domestic services housekeeping dina cordova
37,Health Care & Specialists,Dermatology,Dr Michael Sorace,Dr Michael Sorace,,,https://www.mohsskinsurgery.com/,Excellent Mohs,,2025-10-04 12:52:59,2025-10-12T10:23:51,Randy,health care specialists dermatology dr michael sorace skin doctor mohs acne biopsy
54,Health Care & Specialists,Orthopedics,Dr. Adam Harris (South Texas Surgical & Orthopedic Specialists),,(210) 614-5100,"225 E Sonterra Blvd Ste 220, San Antonio, Tx 78258",https://www.saorthospecialists.com/adam-i-harris-md,,,2025-10-04 12:52:59,2025-10-12T10:23:53,Randy,health care specialists orthopedics dr adam harris south texas surgical orthopedic joint knee shoulder hip sports medicine
57,Health Care & Specialists,Orthopedics,Dr. Brian Kaiser,,(210) 281-9595,"Ridgewood Orthopaedic Center 19138 Us-281 N San Antonio, Tx 78258",https://www.tsaog.com/physicians/bryan-w-kaiser/,,,2025-10-04 12:52:59,2025-10-12T10:23:53,Randy,health care specialists orthopedics dr brian kaiser orthopedic joint knee shoulder hip sports medicine
53,Health Care & Specialists,Orthopedics,Dr. Casey Taber (Tsaog),,(210) 804-5450,"19138 N Us Hwy 281 Ste 100, San Antonio, Tx 78258",https://www.tsaog.com/physicians/casey-d-taber/,,,2025-10-04 12:52:59,2025-10-12T10:23:53,Randy,health care specialists orthopedics dr casey taber tsaog orthopedic joint knee shoulder hip sports medicine
55,Health Care & Specialists,Orthopedics,Dr. Peter Holmes,,(210) 696-9000,"5510-B Presidio Parkway Ste 2209 San Antonio, Tx 78249",https://methodistphysicianpractices.com/physicians/profile/Dr-Peter-Holmes-MD,,,2025-10-04 12:52:59,2025-10-12T10:23:53,Randy,health care specialists orthopedics dr peter holmes orthopedic joint knee shoulder hip sports medicine
28,Health Care & Specialists,Chiropractic,Dr. Tripp Puhl Chiropractic,,(210) 828-2665,"147 W Sunset Rd Ste 101, San Antonio, Tx 78209",https://www.chiropracticcentersoftexas.com/,,,2025-10-04 12:52:59,2025-10-12T10:23:50,Randy,health care specialists chiropractic dr tripp puhl back pain adjustment spine
170,Health Care & Specialists,Dermatology,Dynamic Dermatology,,(210) 951-5530,"13535 Hausman Pass, Suite 104,
San Antonio, Tx 78249",https://www.dynamicdermatology.com/,,mohs,2025-10-12T17:33:08,2025-10-12T20:25:39,appuser,health care specialists dermatology dynamic skin doctor mohs acne biopsy
23,Financial & Tax Services,Financial Advisor,Edward Jones,Jim Tanberg,,"On Culebra, San Antonio, Tx",,,,2025-10-04 12:52:59,2025-10-12T10:23:49,Randy,financial tax services advisor edward jones
151,Home Repair & Trades,Water Softener Service & Sales,Elite Water Systems,,(210) 556-5452,"17422 O'Connor Rd #200, San Antonio, Tx 78247",https://www.elitewatersystems.com/,Recommended,,2025-10-04 12:52:59,2025-10-12T21:20:37,appuser,home repair trades water softener service sales elite systems
136,Home Repair & Trades,Plumbing,Eloy Cisneros,Eloy Cisneros,(210) 573-5865,"5630 Timberhurst, San Antonio, Tx, United States, Texas",https://www.facebook.com/saplumbing01/,"Reliable, Reasonable",,2025-10-04 12:52:59,2025-10-12T10:24:03,Randy,home repair trades plumbing eloy cisneros plumber leak water heater drain sewer pipe toilet faucet
47,Health Care & Specialists,Optometry / Eye Exam,Eye Associates,Dr Anhtuan Nguyen,(210) 617-7396,"11345 Alamo Ranch Pkwy San Antonio, Tx 78253",https://www.eye-assoc.com/alamo-ranch,Good Experience,,2025-10-04 12:52:59,2025-10-12T10:23:52,Randy,health care specialists optometry eye exam associates doctor optometrist glasses contacts
8,Beauty & Wellness,Barber,Fineline Barbershop #1,Damien,(210) 474-0799,"11400 Culebra Rd #105, San Antonio, Tx 78253",https://www.finelinebarbershopsa.com/location1,,,2025-10-04 12:52:59,2025-10-12T10:23:47,Randy,beauty wellness barber fineline barbershop
115,Landscaping / Trees / Lawn Services,Softscape,Firm Foundation Landscaping,Tyler Lewis,(210) 459-7580,,https://firmfoundationlandscaping.com/,Lawn/Rock Install,,2025-10-04 12:52:59,2025-10-12T10:24:00,Randy,landscaping trees lawn services softscape firm foundation
135,Home Repair & Trades,Plumbing,Flushing With Pride Plumbing & Sewer Services,Elizabeth Fisher,(210) 865-6402,"Po Box 681163, San Antonio, Tx 78268",https://flushingwithpride.com/,Neighbors Pleased,,2025-10-04 12:52:59,2025-10-12T10:24:03,Randy,home repair trades plumbing flushing with pride sewer services plumber leak water heater drain pipe toilet faucet
72,Home Repair & Trades,Garage Doors,Garage Door Solutions,,(210) 662-9494,,https://sagaragedoorsolutions.com/,,,2025-10-04 12:52:59,2025-10-12T10:23:55,Randy,home repair trades garage doors door solutions overhead opener springs panel
73,Home Repair & Trades,Garage Doors,Garage Guru,,(210) 542-2273,,https://sagarageguru.com,,,2025-10-04 12:52:59,2025-10-12T10:23:55,Randy,home repair trades garage doors guru overhead door opener springs panel
138,Professional / Technical Services,Computer Repair,Geek Squad Alamo Ranch,,(210) 520-5143,"5419 W Loop 1604 N San Antonio, Tx 78253",https://stores.bestbuy.com/tx/san-antonio/5419-w-loop-1604-n-1459/geeksquad.html?ref=NS&loc=ns100,,,2025-10-04 12:52:59,2025-10-12T10:24:03,Randy,professional technical services computer repair geek squad alamo ranch
113,Landscaping / Trees / Lawn Services,Lawn Care,Gilbert’S Lawn Care,Gilbert,(210) 707-1739,,,,,2025-10-04 12:52:59,2025-10-12T10:24:00,Randy,landscaping trees lawn services care gilbert mowing edging fertilizer weed control aeration
134,Pet Care,Veterinary Clinic / Animal Hospital,Great Northwest Animal Hospital,Dr. Michelle,(210) 681-4278,"8843 Grissom Rd Ste 101, San Antonio, Tx 78251",https://www.gnwah.com,,,2025-10-04 12:52:59,2025-10-12T10:24:03,Randy,pet care veterinary clinic animal hospital great northwest
154,Landscaping / Trees / Lawn Services,Tree Trim,H.O.W. Foundation,,(210) 333-2100,"7495 Trainer Hale Rd #2, Schertz, Tx 78154",https://howfoundationsa.org/,Charity Donation Credit,,2025-10-04 12:52:59,2025-10-12T10:24:05,Randy,landscaping trees lawn services tree trim foundation service pruning arborist branch removal
101,Insurance,Insurance Agent,Hd Insurance Agency,John,(210) 750-8900,"6827 Camp Bullis Rd #302 San Antonio, Tx 78256",https://hd-ins.com/,Independent Agent,,2025-10-04 12:52:59,2025-10-12T10:23:59,Randy,insurance agent hd agency
59,Health Care & Specialists,Primary Care,Health Texas,Dr Bharath Pola,(210) 237-4983,"10307 State Highway 151 San Antonio, Tx 78251-4557",https://healthtexas.org/doctor/bharath-pola-d-o/,"Prompt, Courteous",,2025-10-04 12:52:59,2025-10-12T10:23:53,Randy,health care specialists primary texas family doctor pcp checkup internal medicine
61,Home Cleaning / Domestic Services,Carpet Cleaning,Heaven’S Best Carpet Cleaning,Art / Mark,(210) 380-2969,,https://www.heavensbest.com/search/?q=78253,,,2025-10-04 12:52:59,2025-10-12T10:23:54,Randy,home cleaning domestic services carpet heaven best steam clean stain removal upholstery
158,Home Cleaning / Domestic Services,Housekeeping,Hilda Cordova,Hilda Cordova,(210) 633-7012,,,,cleaning,2025-10-12T16:10:44,2025-10-12T19:46:54,appuser,home cleaning domestic services housekeeping hilda cordova
132,Pet Care,Veterinary Clinic / Animal Hospital,Hill Country Animal Hospital,Dr. Macias; Dr. Krick,(210) 695-4455,"12410 Bandera Rd, Helotes, Tx 78023",https://www.hillcountryanimalhospital.com/,,,2025-10-04 12:52:59,2025-10-12T10:24:02,Randy,pet care veterinary clinic animal hospital hill country
100,Home Repair & Trades,Window Coverings,Home Depot (Plantation Shutters),,,,,,,2025-10-04 12:52:59,2025-10-12T10:23:59,Randy,home repair trades window coverings depot plantation shutters blinds shades drapes
118,Landscaping / Trees / Lawn Services,Pest Control / Exterminator,Hometeam Pest Defense,,(210) 641-2551,"12677 Silicon Dr, San Antonio, Tx 78249",https://pestdefense.com,,,2025-10-04 12:52:59,2025-10-12T10:24:01,Randy,landscaping trees lawn services pest control exterminator hometeam defense
81,Home Repair & Trades,Handyman,James Handstedt,,(210) 722-9266,,,,,2025-10-04 12:52:59,2025-10-12T10:23:56,Randy,home repair trades handyman james handstedt repairs odd jobs honey do maintenance
24,Personal Services,Upholstery,Joseph Lopez,Joseph Lopez,(210) 680-6566,"610 Timber Bluff San Antonio, Tx 78253",https://www.manta.com/c/mmcbyhm/joseph-s-elite-upholstery,Excellent Workmanship,,2025-10-04 12:52:59,2025-10-12T10:23:49,Randy,personal services upholstery joseph lopez
114,Landscaping / Trees / Lawn Services,Lawn Care,Jose’S Lawn Service,Jose,(256) 422-0888,,,,,2025-10-04 12:52:59,2025-10-12T10:24:00,Randy,landscaping trees lawn services care jose service mowing edging fertilizer weed control aeration
108,Landscaping / Trees / Lawn Services,Irrigation,Just A Good Sprinkler Man,Art,(210) 248-4450,"10730 Potranco Rd #122, San Antonio, Tx 78251",https://justagoodsprinklerman.com/,,,2025-10-04 12:52:59,2025-10-12T10:23:59,Randy,landscaping trees lawn services irrigation just good sprinkler man repair sprinklers backflow system
129,Pet Care,Pet Grooming,Just Four Paws,,(210) 695-9035,"12602 Fm 1560 N, Helotes, Tx",https://www.justfourpawshelotes.com/,Excellent Job,,2025-10-04 12:52:59,2025-10-12T10:24:02,Randy,pet care grooming just four paws
15,Financial & Tax Services,Cpa,"Kathleen Emmick Vines, Cpa",,(281) 435-1354,,,,,2025-10-04 12:52:59,2025-10-12T10:23:48,Randy,financial tax services cpa kathleen emmick vines
112,Landscaping / Trees / Lawn Services,Lawn Care,Landon Lindsey,Landon Lindsey,(210) 330-8365,,,"Reliable, Shows Up",,2025-10-04 12:52:59,2025-10-12T10:24:00,Randy,landscaping trees lawn services care landon lindsey mowing edging fertilizer weed control aeration
126,Pet Care,In‑Home Euthanasia,Lap Of Love,,(210) 640-7322,,https://www.lapoflove.com/find-a-vet/Texas/San-Antonio/about,,,2025-10-04 12:52:59,2025-10-12T10:24:02,Randy,pet care in home euthanasia lap of love
48,Health Care & Specialists,Optometry / Eye Exam,Lenscrafters Westwood Loop,,(210) 688-9262,"5535 W Loop 1604 N, San Antonio, Tx 78253",https://www.lenscrafters.com/lc-us/find-a-store,Thorough Exam,,2025-10-04 12:52:59,2025-10-12T10:23:52,Randy,health care specialists optometry eye exam lenscrafters westwood loop doctor optometrist glasses contacts
116,Landscaping / Trees / Lawn Services,Pest Control / Exterminator,Lone Star Pest Control,Dean Dotterman,(830) 800-3209,,,$65 Group Rate,,2025-10-04 12:52:59,2025-10-12T10:24:00,Randy,landscaping trees lawn services pest control exterminator lone star
98,Home Repair & Trades,Window Coverings,Louver Shop Of San Antonio,,(888) 428-1415,,https://www.louvershop.com/locations/louver-shop-of-san-antonio/,,,2025-10-04 12:52:59,2025-10-12T10:23:58,Randy,home repair trades window coverings louver shop of san antonio blinds shutters shades plantation drapes
161,Landscaping / Trees / Lawn Services,Lawn Care,Luna Landscape & Design,Jayson Luna,(210) 954-7024,,https://www.lunalandscape.co/,connect@lunalandscape.co,mulching planting mowing edging weeding,2025-10-12T16:23:57,2025-10-12T19:47:52,appuser,landscaping trees lawn services care luna landscape design mowing edging fertilizer weed control aeration
137,Professional / Technical Services,Computer Repair,Mac Tlc,,(210) 495-5000,"11614 West Ave., Ste.101",https://mactlc.com/,,,2025-10-04 12:52:59,2025-10-12T10:24:03,Randy,professional technical services computer repair mac tlc
85,Home Repair & Trades,Painting,Magna Painting,Tim,(210) 269-6803,,https://www.magnapainting.com/,,,2025-10-04 12:52:59,2025-10-12T10:23:57,Randy,home repair trades painting magna
149,Home Cleaning / Domestic Services,Grout Cleaning & Sealing,Marblelife,Mike,(888) 218-4616,,https://marblelife-sanantonio.com/,"Impressed, Professional",,2025-10-04 12:52:59,2025-10-12T21:07:25,appuser,home cleaning domestic services grout sealing marblelife
13,Financial & Tax Services,Cpa,"Margaret Wallace, Cpa",Margaret Wallace,(210) 875-2365,"101 Sunflower Ln, Sa 78213",,Professional & Helpful,,2025-10-04 12:52:59,2025-10-12T10:23:48,Randy,financial tax services cpa margaret wallace
75,Home Repair & Trades,Handyman,Matthew Martinez,,(210) 860-8488,,,Doors,,2025-10-04 12:52:59,2025-10-12T10:23:55,Randy,home repair trades handyman matthew martinez repairs odd jobs honey do maintenance
1,Auto Services,Auto Repair,Md Automotive,,(210) 688-2366,"7454 Fm1560 N, San Antonio, Tx 78254",https://www.mdautomotiveonline.com/,"Hcr Discount, Shuttle","""A/C"",""Ac A/C Hvac Aircon Cooling Recharge Freon Leak Compressor""
""A/C Repair"",""Ac Repair Hvac Air Conditioning Fix Recharge Freon Condenser Evaporator""
""Heating & Air Conditioning Service"",""Hvac Heating Furnace Ac Service Tune-Up Thermostat Ducts Air-Conditioning""
""Auto Repair"",""Auto Repair Car Mechanic General Service Maintenance Fix""
""Truck Repair"",""Truck Repair Pickup Diesel Light-Duty Heavy-Duty Suspension Brakes""
""Suv Repair"",""Suv Repair Crossover Maintenance Drivetrain Awd 4Wd""
""Van Repair"",""Van Repair Minivan Fleet Maintenance Transmission Brakes""
""Imported Japanese Engine Repairs"",""Japanese Engines Jdm Honda Toyota Nissan Subaru Timing-Belt Head-Gasket""
""Electric Vehicle Repair & Service"",""Ev Bev Electric-Vehicle Battery-Pack Inverter High-Voltage Coolant Charger""
""Hybrid Vehicle Repair & Service"",""Hybrid Repair Hev Phev Battery-Pack Inverter Ecvt Hybrid-System""
""Brakes"",""Brakes Pads Rotors Calipers Fluid Squeal Vibration""
""Anti-Lock Brake Service & Diagnostics"",""Abs Anti-Lock Brake-Module Wheel-Speed-Sensor Pump Diagnostic""
""Brake Service And Repair"",""Brake Pads Rotors Caliper Fluid Lines Master-Cylinder""
""Diagnostics"",""Diagnostics Obd2 Scan-Tool Dtc Codes Check-Engine Drivability""
""Check Engine Light Diagnostics"",""Check-Engine-Light Cel Mil Obd2 Dtc P-Codes Scan""
""Computer Diagnostics (Check Engine Light, Air Bag Light, Etc.)"",""Computer Diagnostics Check-Engine Airbag Srs Abs Scan-Tool Dtc""
""Electrical And/Or Wiring Problems"",""Electrical Wiring Short Circuit Fuse Relay Parasitic-Draw""
""Diagnose And Repair Tire Pressure Monitoring Systems"",""Tpms Tire-Pressure Sensor Programming Relearn Warning-Light""
""Warning Light Diagnostics"",""Warning-Light Dash Indicator Cel Abs Srs Tpms Diagnostics""
""Overheating Diagnostics"",""Overheating Coolant Radiator Water-Pump Thermostat Cooling-Fan""
""Diesel Service"",""Diesel Service Maintenance Fuel-Filter Glow-Plug""
""Diesel Service And Repair"",""Diesel Repair Injection-Pump Turbo Egr Dpf Regeneration""
""Driveability"",""Drivability Hesitation Stalling Misfire Rough-Idle Surge""
""Differential & Transfer Case (4Wd) Service"",""Differential Transfer-Case 4Wd Awd Fluid Leak Bearing""
""Drive Train Repair"",""Drivetrain Axle Driveshaft U-Joint Cv-Joint Bearing""
""Driveability Issues"",""Drivability Hesitation Stumble Misfire Surge Bogging""
""Fuel Pump Repair"",""Fuel-Pump Replacement Relay Filter No-Start""
""Fuel System Repair"",""Fuel-System Injectors Rail Filter Flush""
""Electrical"",""Electrical Battery Alternator Starter Wiring Fuse Relay""
""Battery Service"",""Battery Test Replace Terminals Charging""
""Electrical And Computer Diagnosis"",""Electrical Diagnostics Wiring Computer Module Scan""
""Electrical And/Or Wiring Problems"",""Electrical Wiring Short Circuit Fuse Relay Parasitic-Draw""
""Starting & Charging Diagnosis"",""Starting Charging Starter Alternator Battery Voltage-Drop Test""
""Electronics"",""Electronics Modules Sensors Ecu Tcu Bcm Programming""
""Airbag And Srs Systems"",""Airbag Srs Restraint Module Clockspring Sensor Light""
""Check Engine Light Diagnostics"",""Check-Engine-Light Cel Mil Obd2 Dtc P-Codes Scan""
""Emissions"",""Emissions Smog Evap Egr Catalytic-Converter O2-Sensor""
""Emissions Repair"",""Emissions Repair Evap Egr Catalytic-Converter O2-Sensor""
""Exhaust System Work"",""Exhaust Muffler Resonator Catalytic-Converter Pipe Manifold Leak""
""Interior/Exterior"",""Lights Wipers Bulbs Switches Mirrors Interior Exterior Trim""
""Wiper Blade Replacement"",""Wiper Blades Windshield Replace Streaking""
""Tail Light Replacement"",""Tail-Light Bulb Led Socket Wiring""
""Head Light Replacement"",""Headlight Bulb Led Hid Aiming""
""Maintenance"",""Maintenance Service Schedule Fluids Tune-Up Inspection""
""Factory Recommended Services By Each Manufacturer"",""Factory Scheduled-Maintenance Oem 30K 60K 90K Service""
""Oil Change"",""Oil-Change Filter Lube Synthetic Conventional""
""Preventative Maintenance"",""Preventive-Maintenance Inspection Fluids Belts Hoses""
""Tests/Inspections"",""Inspection Test Multipoint Safety Diagnostics""
""Brake Inspection"",""Brake Inspection Pads Rotors Fluid Measure""
""Comprehensive Maintenance Inspection"",""Multi-Point Inspection Full-Vehicle Checklist""
""Pre-Purchase Inspection"",""Pre-Purchase Inspection Ppi Used-Car Buyer""
""Tires / Wheels"",""Tires Wheels Rims Alignment Balance Rotation Tpms""
""Alignment"",""Alignment Toe Camber Caster Steering""
""Computerized Wheel And Frame Alignments"",""Wheel-Alignment Computerized Frame-Measurement Toe Camber Caster""
""Diagnose And Repair Tire Pressure Monitoring Systems"",""Tpms Tire-Pressure Sensor Programming Relearn Warning-Light""
""Mechanical And Suspension Repairs"",""Suspension Control-Arms Ball-Joints Tie-Rods Shocks Struts""
""Wheel Alignments"",""Wheel-Alignment Toe Camber Caster""
""Wheel Balancing"",""Balance Tire Weights Vibration Road-Force""
""Rotation And Check Tire Pressure"",""Tire-Rotation Pressure-Check Tpms""
""Suspension (Includes Struts, Shocks, Axles, Control Arm Replacement)"",""Suspension Struts Shocks Axles Control-Arms Bushings Ball-Joints""
""Tire Repairs Or Replacement"",""Tire Repair Patch Plug Replace Mount""
""Tire Sales"",""Tire Sales New-Tires Brands Pricing""
""Transmission Repair"",""Transmission Repair Gearbox Trans-Service Rebuild""
""Clutch Replacement"",""Clutch Replacement Disc Pressure-Plate Release-Bearing Flywheel""
""Transmission Service"",""Transmission Service Fluid Filter Flush Pan-Gasket""
""Automatic And Manual Transmissions"",""Automatic Manual Transmission Gearbox Cvt 6-Speed""
""Underhood"",""Underhood Engine-Bay Belts Hoses Fluids Filters""
""Air Intake Cleaning & Filter Changing"",""Air-Intake Cleaning Throttle-Body Air-Filter Maf""
""Belt And Hoses Replacement"",""Belts Hoses Serpentine Coolant Vacuum Replace""
""Clutch Replacement"",""Clutch Replacement Disc Pressure-Plate Release-Bearing Flywheel""
""Cooling System Service (Water Pumps, Radiators, Etc.)"",""Cooling-System Radiator Water-Pump Thermostat Flush Leak""
""Diesel Service And Repair"",""Diesel Repair Injection-Pump Turbo Egr Dpf""
""Engine Repair"",""Engine Repair Head-Gasket Timing-Chain Valves Compression""
""Fuel Injection Repair"",""Fuel-Injection Injector Cleaning Rail O-Rings""
""Power Steering"",""Power-Steering Pump Rack-Pinion Fluid Leak""
""Replace And Service Transmission"",""Transmission Replace Service Fluid Filter""
""Steering And Suspension Service"",""Steering Suspension Tie-Rods Ball-Joints Struts Shocks Alignment""
""Tdi Diesel Repair"",""Tdi Diesel Vw Audi Injection Turbo Egr Dpf""
""Timing Belt And Water Pump Replacement"",""Timing-Belt Water-Pump Tensioner Idler Replace""
""Transmission Service"",""Transmission Service Fluid Filter Flush Pan-Gasket""
""Tune-Ups, Air Filters, Fuel Filters"",""Tune-Up Spark-Plugs Coils Air-Filter Fuel-Filter""
""Alternator Testing And Replacement"",""Alternator Test Charging Replace Voltage-Regulator""",2025-10-04 12:52:59,2025-10-12T10:23:46,Randy,auto services repair md automotive mechanic brakes oil change alignment diagnostics
46,Health Care & Specialists,Ophthalmologist,Medical Center Ophthalmology Associates,Stephen J Fisher,(210) 697-2020,"9730 Westover Hills Blvd Ste. 110 San Antonio, Tx 78251",https://mcoaeyecare.com/eye-doctor/steven-j-fisher-m-d/,,,2025-10-04 12:52:59,2025-10-12T10:23:52,Randy,health care specialists ophthalmologist medical center ophthalmology associates
76,Home Repair & Trades,Handyman,Mike B.,,(210) 740-7500,,,Doors,,2025-10-04 12:52:59,2025-10-12T10:23:56,Randy,home repair trades handyman mike repairs odd jobs honey do maintenance
17,Home Repair & Trades,Electrician,Mike Castillo,Mike Castillo,(210) 454-0397,,,Highly Recommended,,2025-10-04 12:52:59,2025-10-12T10:23:48,Randy,home repair trades electrician mike castillo
130,Pet Care,Veterinary Clinic / Animal Hospital,Mission Emergency Vet,,(210) 737-7373,"8202 N Loop 1604 W, San Antonio, Tx 78249",https://mission.vet,Emergency,,2025-10-04 12:52:59,2025-10-12T10:24:02,Randy,pet care veterinary clinic animal hospital mission emergency vet
119,Landscaping / Trees / Lawn Services,Pest Control / Exterminator,Mister‑B Termite & Pest Control,,(210) 659-0609,"9218 Converse Business Ln Ste 6, Converse, Tx 78109",,,,2025-10-04 12:52:59,2025-10-12T10:24:01,Randy,landscaping trees lawn services pest control exterminator mister termite
22,Financial & Tax Services,Financial Advisor,Morgan Stanley,Lance Childress,(210) 277-4449,"7600 Broadway, Ste 100, San Antonio, Tx 78209",https://advisor.morganstanley.com/lance.childress,,,2025-10-04 12:52:59,2025-10-12T10:23:49,Randy,financial tax services advisor morgan stanley
141,Professional / Technical Services,Music Lessons,Mrs. Harline (Piano),,,,https://lisaharline.wixsite.com/harline-music-studio/about,,,2025-10-04 12:52:59,2025-10-12T10:24:04,Randy,professional technical services music lessons mrs harline piano
159,Home Repair & Trades,Water Softener Service & Sales,Ms. Janie,Ms. Janie,(210) 396-0732,,,,Culligan water softener maintenance,2025-10-12T16:15:18,2025-10-12T21:21:10,appuser,home repair trades water softener service sales ms janie
79,Home Repair & Trades,Handyman,Neveah'S General Maintenance,Daniel Neveah,(210) 873-3792,,,"Power Wash, Repairs",,2025-10-04 12:52:59,2025-10-12T10:23:56,Randy,home repair trades handyman neveah general maintenance repairs odd jobs honey do
10,Bicycle & Bike,"Bicycle Sales, Repair Service",On The Go Bikes,Oscar Arango,(210) 281-1101,,https://www.onthegobikes.com,,,2025-10-04 12:52:59,2025-10-12T10:23:47,Randy,bicycle bike sales repair service on the go bikes
144,Real Estate,Property Tax,Ownwell,,,,https://www.ownwell.com/referral?owl=57FA5Z101,,,2025-10-04 12:52:59,2025-10-12T10:24:04,Randy,real estate property tax ownwell
68,Home Repair & Trades,Flooring,"Palmer’S Flooring, Llc",Kyle; Joseph,(210) 325-5600,"12903 El Sendero St, San Antonio, Tx 78233",https://www.facebook.com/palmersflooring/,,,2025-10-04 12:52:59,2025-10-12T10:23:55,Randy,home repair trades flooring palmer llc hardwood tile vinyl plank laminate carpet install refinish
124,Legal Services,Estate Legal Services,Paul Owens Law,Paul Owens,(210) 695-5110,"14237 Old Bandera Rd, Helotes, Tx 78023",https://paulowenslaw.com/,Renter Contracts,,2025-10-04 12:52:59,2025-10-12T10:24:01,Randy,legal services estate paul owens law
123,Legal Services,Elder Law,Paul Premack,Paul Premack,(210) 826-1122,"2186 Jackson Keller Road #720, San Antonio, Tx 78213",https://www.premack.com/about-paul-premack,Estate Resolution,,2025-10-04 12:52:59,2025-10-12T10:24:01,Randy,legal services elder law paul premack
19,Home Repair & Trades,Electrician,Pawson Electric,Kevin Pawson,(210) 788-9520,"5903 Dannykaye Dr, San Antonio, Tx 78240",https://pawsonelectricsa.com,"Professional, Honest",,2025-10-04 12:52:59,2025-10-12T10:23:49,Randy,home repair trades electrician pawson electric
5,Auto Services,Auto Repair,Potranco Automotive,,(210) 679-6620,"12034 Potranco Rd, San Antonio, Tx 78253",https://www.potrancoautomotive.com,,,2025-10-04 12:52:59,2025-10-12T10:23:47,Randy,auto services repair potranco automotive mechanic brakes oil change alignment diagnostics
148,Home Repair & Trades,Granite Countertops / Stone Fabrication,Prado’S Granite,,(210) 359-1544,,http://www.jpradogranite.com/,"On Time, Fair Price",,2025-10-04 12:52:59,2025-10-12T21:11:03,appuser,home repair trades granite countertops stone fabrication prado
166,Health Care & Specialists,Allergy / Immunology,Premier Allergy,,(210) 764-6567,"11840 Alamo Ranch Parkway, Suite 80
San Antonio, Texas 78253",https://www.premierallergytx.com/,,allergies allergist,2025-10-12T17:10:38,2025-10-12T20:26:16,appuser,health care specialists allergy immunology premier
69,Home Repair & Trades,Flooring,Presidio Flooring,John Sosa,(210) 688-2482,"25374 W Interstate 10 Frontage Rd, San Antonio, Tx 78257",https://presidioflooring.com,,,2025-10-04 12:52:59,2025-10-12T10:23:55,Randy,home repair trades flooring presidio hardwood tile vinyl plank laminate carpet install refinish
64,Home Repair & Trades,Bath Remodeling,Quality Bath And Floors,Adrian Salinas,(210) 363-2424,"223 Lorraine San Antonio, Texas 78214",https://qualitybathandfloors.com/,Bath Flooring,walk in bath,2025-10-04 12:52:59,2025-10-12T17:22:15,appuser,home repair trades bath remodeling quality and floors
147,Home Repair & Trades,Tile Installation (Floors & Walls),Quality Bath And Floors,Adrian Salinas,(210) 363-2424,"223 Lorraine San Antonio, Texas 78214",https://qualitybathandfloors.com/,Bath Flooring,,2025-10-04 12:52:59,2025-10-12T10:24:04,Randy,home repair trades tile installation floors walls quality bath and
77,Home Repair & Trades,Handyman,Ralph Marchiori,,(210) 860-6209,,,Doors,,2025-10-04 12:52:59,2025-10-12T10:23:56,Randy,home repair trades handyman ralph marchiori repairs odd jobs honey do maintenance
139,Professional / Technical Services,Jewelry Repair Service,Rialto Jewelry,,(210) 509-8100,"8910 Bandera Rd Ste 107, Sa 78250",https://www.rialtojewelry.com/,Gold/Diamond Repair,,2025-10-04 12:52:59,2025-10-12T10:24:03,Randy,professional technical services jewelry repair service rialto
14,Financial & Tax Services,Cpa,"Richard Krampe, Cpa",,(210) 695-1960,"14359 Old Bandera Rd, Helotes, Tx 78023",https://richcpa.co/,,,2025-10-04 12:52:59,2025-10-12T10:23:48,Randy,financial tax services cpa richard krampe
106,Home Repair & Trades,"Decks, Gazebo, Arbor, Pergola",River City Deck & Patio,,(210) 823-3637,"18771 Fm 2252, San Antonio, Tx 78266",https://rivercitydeckandpatio.com/,"Professional, Reasonable",,2025-10-04 12:52:59,2025-10-12T21:45:54,appuser,home repair trades decks gazebo arbor pergola river city deck patio cover build outdoor living
70,Home Repair & Trades,Flooring,River City Floors,,(210) 593-3358,"3859 Stahl Rd, San Antonio, Tx 78217",https://rcfhardwoods.com/san-antonio/,,,2025-10-04 12:52:59,2025-10-12T10:23:55,Randy,home repair trades flooring river city floors hardwood tile vinyl plank laminate carpet install refinish
40,Health Care & Specialists,Dermatology,Rose Dermatology,,(210) 239-9647,"10630 Braun Rd Suite 105, San Antonio, Tx 78254",https://www.rosedermtx.com/,,,2025-10-04 12:52:59,2025-10-12T10:23:51,Randy,health care specialists dermatology rose skin doctor mohs acne biopsy
83,Home Repair & Trades,"Hvac, Air Conditioning, Heating",Rosenberg Plumbing & Air,Matt (Co-Owner),(210) 987-5587,"4335 Vance Jackson Rd Suite 505, San Antonio, Tx 78230",https://rosenberghvac.com,,,2025-10-04 12:52:59,2025-10-12T10:23:56,Randy,home repair trades hvac air conditioning heating rosenberg plumbing ac conditioner furnace heater duct thermostat cooling
49,Health Care & Specialists,Orthopedics,Sa City Orthopedics,Dr Brian N Kanz,(210) 510-2400,"1931 Rogers Road Suite 104 San Antonio, Tx 78251",https://www.sacityortho.com/,Highly Recommended,,2025-10-04 12:52:59,2025-10-12T10:23:52,Randy,health care specialists orthopedics sa city orthopedic joint knee shoulder hip sports medicine
42,Health Care & Specialists,Endocrinology,San Antonio Endocrinologist,Dr Shahid Aziz or Dr Dina Rivera,(210) 352-5006,"10818 Town Center Rd, San Antonio, Tx",https://www.saendocrine.com/shahid-aziz-md/,"Easy Access, Good Parking",,2025-10-04 12:52:59,2025-10-13T10:13:40,appuser,health care specialists endocrinology san antonio endocrinologist
29,Health Care & Specialists,Chiropractic,San Antonio Family Chiropractor,,(210) 699-0158,"9386 Huebner Rd Ste 100 San Antonio, Tx 78240",https://www.safamilychiro.com/,,,2025-10-04 12:52:59,2025-10-12T10:23:50,Randy,health care specialists chiropractic san antonio family chiropractor back pain adjustment spine
140,Professional / Technical Services,Music Lessons,San Antonio Music Academy (Sama),,(210) 681-7262,"11121 Westwood Loop Ste. 208, San Antonio, Tx 78253",https://samusicacademy.com/,,,2025-10-04 12:52:59,2025-10-12T10:24:03,Randy,professional technical services music lessons san antonio academy sama
142,Professional / Technical Services,Shoe Repair,San Antonio Quality Shoe Repair & Alterations,,(210) 495-8550,"19160 Stone Oak Pkwy #102, San Antonio, Tx 78258",,Boots/Purses/Clothes,,2025-10-04 12:52:59,2025-10-12T10:24:04,Randy,professional technical services shoe repair san antonio quality alterations
12,Financial & Tax Services,Cpa,"Sandra Kapsar, Cpa",Sandra Kapsar,(210) 250-1690,,,Hcr Resident,,2025-10-04 12:52:59,2025-10-12T10:23:48,Randy,financial tax services cpa sandra kapsar
109,Landscaping / Trees / Lawn Services,Irrigation,Saul Pineda,,(210) 347-5291,,,,,2025-10-04 12:52:59,2025-10-12T10:24:00,Randy,landscaping trees lawn services irrigation saul pineda sprinkler repair sprinklers backflow system
91,Home Repair & Trades,Screens,Screenmobile Of Boerne,,(210) 756-5700,"5 Upper Cibolo Creek Rd, Boerne, Tx 78006",https://www.screenmobile.com/boerne,,Screens Windows Doors Patio Enclosures,2025-10-04 12:52:59,2025-10-12T10:23:57,appuser,home repair trades screens screenmobile of boerne
63,Home Repair & Trades,Address Tiles,Sea Gull Lighting 90621-68,,,,,Order House Numbers + 2 Blanks,,2025-10-04 12:52:59,2025-10-12T10:23:54,Randy,home repair trades address tiles sea gull lighting 90621 68
20,Financial & Tax Services,Financial Advisor,Secure Financial Management,Jay Kirkwood,(210) 428-6250,"4630 De Zavala Road San Antonio, Tx 78249",https://sfmplanning.com/,Cpa + Attorney,,2025-10-04 12:52:59,2025-10-12T10:23:49,Randy,financial tax services advisor secure management
146,Security,Alarm Service,Smith Thompson Security,,(210) 590-0880,,https://smiththompson.com/,"Responsive, No Upsell",,2025-10-04 12:52:59,2025-10-12T10:24:04,Randy,security alarm service smith thompson
7,Personal Services,Alterations,Sofy’Z,,(210) 957-1441,"5619 W Loop 1604 N Suite 125, San Antonio, Tx 78253",https://sofyzdesigns.fashion/,,,2025-10-04 12:52:59,2025-10-12T20:42:17,appuser,personal services alterations sofy
39,Health Care & Specialists,Dermatology,Sorrento Dermatology,Dr James Neiiner,(210) 450-9840,"1314 E Sonterra Blvd, Suite #2201, San Antonio, Tx 78258",https://dermatologysanantonio.com/dr-james-neiner,Outstanding Mohs,,2025-10-04 12:52:59,2025-10-12T10:23:51,Randy,health care specialists dermatology sorrento skin doctor mohs acne biopsy
103,Landscaping / Trees / Lawn Services,Artificial Turf,Southern Turf,,(210) 796-4601,"3414 Zebecca Creek Drive, San Antonio, Tx 78015",https://www.southernturfco.com/san-antonio/,,,2025-10-04 12:52:59,2025-10-12T10:23:59,Randy,landscaping trees lawn services artificial turf southern synthetic grass astroturf fake
74,Home Cleaning / Domestic Services,Gutter Cleaning,Squeaky Dan'S,,(210) 394-6840,,https://www.squeakydans.com/,"Also Windows, Roof Wash",,2025-10-04 12:52:59,2025-10-12T20:35:16,appuser,home cleaning domestic services gutter squeaky dan
93,Home Cleaning / Domestic Services,Window Washing,Squeaky Dan'S,,(210) 394-6840,,https://www.squeakydans.com/,"Also Windows, Roof Wash",,2025-10-04 12:52:59,2025-10-12T20:34:54,appuser,home cleaning domestic services window washing squeaky dan glass
60,Home Cleaning / Domestic Services,Carpet Cleaning,Steam Solutions Carpet Cleaning,,(210) 643-3812,"2610 Johnson Grass, San Antonio, Tx 78251",http://www.steamsolutionscarpetcleaning.com,,,2025-10-04 12:52:59,2025-10-12T10:23:54,Randy,home cleaning domestic services carpet steam solutions clean stain removal upholstery
125,Pet Care,In‑Home Euthanasia,Stepping Stone Vetcare,Dr. Laura,(210) 454-6101,"535 E Ammann Rd, Bulverde, Tx 78163",https://www.steppingstonevetcare.com,,,2025-10-04 12:52:59,2025-10-12T10:24:02,Randy,pet care in home euthanasia stepping stone vetcare
89,Home Repair & Trades,Roofing,Storm Roofing,Alfred,(210) 497-7736,"20770 Hwy 281 #108-293 San Antonio, Tx 78258",https://www.stormroofing.com/,,,2025-10-04 12:52:59,2025-10-12T10:23:57,Randy,home repair trades roofing storm roofer roof hail damage shingles leak
58,Health Care & Specialists,Physical Therapy,Stratton Physical Therapy,Dr Kenny Hogan,(210) 828-7557,"11919 Culebra Road, Bldg 1 Suite 101, San Antonio, Texas 78253",https://www.strattonrehab.com/locations/alamo-ranch,Highly Recommended,,2025-10-04 12:52:59,2025-10-12T10:23:53,Randy,health care specialists physical therapy stratton
143,Real Estate,Property Mgmt,Styles Aden,Styles Aden,(210) 867-2564,"4372 N Loop 1604 West Ste 102 San Antonio, Tx 78249",https://www.phyllisbrowning.com/realestate/agent/aden-stiles/,Manages Hcr Rentals,,2025-10-04 12:52:59,2025-10-12T10:24:04,Randy,real estate property mgmt styles aden
4,Auto Services,Auto Repair,Sun Auto Service,,(210) 455-1645,"11906 Alamo Ranch Pkwy San Antonio, Tx 78253",https://www.sunautoservice.com/locations/tx/sanantonio/auto-repair-11906-alamo-ranch-pkwy,,,2025-10-04 12:52:59,2025-10-12T10:23:47,Randy,auto services repair sun service mechanic brakes oil change alignment diagnostics
99,Home Repair & Trades,Window Coverings,Sunburst,,(210) 876-0377,,https://www.sunburstshutterssanantonio.com/,,,2025-10-04 12:52:59,2025-10-12T10:23:58,Randy,home repair trades window coverings sunburst blinds shutters shades plantation drapes
104,Landscaping / Trees / Lawn Services,Concrete Resurfacing,Sundek Of San Antonio,Steve Scott,(210) 491-0280,"18847 Redland Rd #206, San Antonio, Tx 78259",https://www.sundeksanantonio.com/,Highly Recommended,,2025-10-04 12:52:59,2025-10-12T10:23:59,Randy,landscaping trees lawn services concrete resurfacing sundek of san antonio stamped overlay cool deck resurface
66,Home Repair & Trades,"Decks, Gazebo, Arbor, Pergola",Superior Outdoor Design,,(210) 698-5010,"21195 W I-10, San Antonio, Tx 78257",https://www.superioroutdoordesigns.com/,,,2025-10-04 12:52:59,2025-10-12T10:23:54,Randy,home repair trades decks gazebo arbor pergola superior outdoor design patio cover deck build living
155,Landscaping / Trees / Lawn Services,Tree Trim,Teague'S Tree Service,,(210) 718-0142,"Po Box 3151, Universal City, Tx 78148",,"Courteous, Fair Pricing",,2025-10-04 12:52:59,2025-10-12T10:24:05,Randy,landscaping trees lawn services tree trim teague service pruning arborist branch removal
30,Health Care & Specialists,Dental,Texas Country Dental,Dr. Kiela Hilton,(210) 688-6809,"10919 Culebra Rd Ste 130, San Antonio, Tx 78253",https://www.texascountrydental.com/,,,2025-10-04 12:52:59,2025-10-12T10:23:50,Randy,health care specialists dental texas country dentist teeth cleaning fillings crown
173,Health Care & Specialists,Neurology,Texas Neuro Spine,Dr Sebastian Villareal,(210) 951-9055,"11212 TX 151 Medical Plaza
1 Ste. 260
San Antonio, TX 78251",https://www.texasneurospine.com/sebastian-juan-villarreal-md-neuro-spine-surgeons-san-antonio-new-braunfels-tx/,,neurologist spine nerve pain,2025-10-12T17:43:40,2025-10-12T20:27:38,appuser,health care specialists neurology texas neuro spine
62,Home Cleaning / Domestic Services,Window Washing,Texas Window Washing,,(210) 326-0852,,https://www.texaswindowwashing.xyz/,,,2025-10-04 12:52:59,2025-10-12T10:23:54,Randy,home cleaning domestic services window washing texas glass
65,Home Repair & Trades,Deck Staining,The Dexpert,,(210) 480-6584,"7312 Reindeer Trail Leon Valley, Tx 78238",https://www.thedexpert.com,Pergola & Cedar Match,,2025-10-04 12:52:59,2025-10-12T10:23:54,Randy,home repair trades deck staining the dexpert
167,Health Care & Specialists,Chiropractic,The Joint,Dr. Issac,(210) 816-8437,"5519 W Loop 1604 N, Suite 103
San Antonio, TX 78253",https://www.thejoint.com/texas/san-antonio/alamo-ranch-28077,,,2025-10-12T17:17:38,2025-10-12T20:29:22,appuser,health care specialists chiropractic the joint back pain adjustment spine
172,Home Cleaning / Domestic Services,Window Washing,The Master Squeegee,Nick Williams,(210) 373-1512,,,excellent work,,2025-10-12T17:38:27,2025-10-12T17:38:27,appuser,home cleaning domestic services window washing the master squeegee glass
131,Pet Care,Veterinary Clinic / Animal Hospital,Thrive Pet Healthcare – Covenant Care Animal Hospital,,(210) 249-5831,"11841 Alamo Ranch Pkwy, Suite 112, San Antonio, Texas 78253",https://www.thrivepetcare.com,,,2025-10-04 12:52:59,2025-10-12T10:24:02,Randy,pet care veterinary clinic animal hospital thrive healthcare covenant
9,Beauty & Wellness,Nail Salon,Tippi Nail Bar,,(210) 886-8001,"6846 Alamo Pkwy #104, San Antonio, Tx 78253",https://tippinailbarsanantonio.com/,New Management,,2025-10-04 12:52:59,2025-10-12T10:23:47,Randy,beauty wellness nail salon tippi bar
11,Bicycle & Bike,"Bicycle Sales, Repair Service",Trek Bicycle San Antonio West,,(210) 600-4161,"11310 Culebra Rd Ste 117, San Antonio, Tx 78253",https://www.trekbikes.com/us/en_US/retail/san-antonio-west/,"Early Drop, Fast Turn",,2025-10-04 12:52:59,2025-10-12T10:23:48,Randy,bicycle bike sales repair service trek san antonio west
164,Beauty & Wellness,Nail Salon,Tri-V Nails,Kimberley,(210) 442-8585,"11840 Alamo Ranch Pkwy, San Antonio, TX 78253",https://trivnailspa.com/,,nails manicure pedicure,2025-10-12T16:33:27,2025-10-12T19:49:04,appuser,beauty wellness nail salon tri nails
51,Health Care & Specialists,Orthopedics,Tsaog Orthopaedics & Spine,Dr Emmanuel Nwelue  Dr. Josh Bell,(210) 804-5400,"11212 State Hwy 151, #150 San Antonio, Tx 78251",https://www.tsaog.com/physicians/emmanuel-c-nwelue/,"Personable, Understanding",,2025-10-04 12:52:59,2025-10-12T17:20:35,appuser,health care specialists orthopedics tsaog orthopaedics spine orthopedic joint knee shoulder hip sports medicine
56,Health Care & Specialists,Orthopedics,Tsaog – Dr. Brian Kanz,,(210) 804-5400,"9150 Huebner Rd Ste 290, San Antonio, Tx 78240",https://www.briankanzmd.com/,,,2025-10-04 12:52:59,2025-10-12T10:23:53,Randy,health care specialists orthopedics tsaog dr brian kanz orthopedic joint knee shoulder hip sports medicine
52,Health Care & Specialists,Orthopedics,Tsaog – Dr. Gregory Naugher,,(210) 804-5400,"11212 State Hwy 151, #150 San Antonio, Tx 78251",https://www.tsaog.com/physicians/g-lane-naugher/,,,2025-10-04 12:52:59,2025-10-12T10:23:53,Randy,health care specialists orthopedics tsaog dr gregory naugher orthopedic joint knee shoulder hip sports medicine
45,Health Care & Specialists,Ophthalmologist,Ultravision,,(210) 308-5550,"6818 Heuermann Rd, Sa 78256",https://lasik2c.com/?utm_source=GMBlisting,,,2025-10-04 12:52:59,2025-10-12T10:23:52,Randy,health care specialists ophthalmologist ultravision
38,Health Care & Specialists,Dermatology,Ut Health,Dr Shiu,(210) 450-1000,"7979 Wurzbach Roadsan Antonio, Tx 78229",https://cancer.uthscsa.edu/doctors-and-locations/doctors-and-clinics/valerie-shiu,Mohs Surgery,,2025-10-04 12:52:59,2025-10-12T10:23:51,Randy,health care specialists dermatology ut skin doctor mohs acne biopsy
27,Health Care & Specialists,Audiology,Ut Health Marc,,(210) 567-7000,"7703 Floyd Curl Drive San Antonio, Tx 78229",https://lsom.uthscsa.edu/otolaryngology/otology-and-audiology/,Helpful Staff,,2025-10-04 12:52:59,2025-10-12T10:23:50,Randy,health care specialists audiology ut marc hearing test aids tinnitus
50,Health Care & Specialists,Orthopedics,Ut Health Orthopaedics,Dr Chance Moore,(210) 450-9300,"7703 Floyd Curl Drive San Antonio, Tx 78229",https://directory.uthscsa.edu/academics/profile/moorecc,Patient Recommends,,2025-10-04 12:52:59,2025-10-12T10:23:52,Randy,health care specialists orthopedics ut orthopaedics orthopedic joint knee shoulder hip sports medicine
44,Health Care & Specialists,Endodontics,Vaughn Endodontics,Dr. Gary Benjamin; Dr. Vaughn,(210) 824-2363,"11019 Culebra Rd Ste 160, San Antonio, Tx 78253",https://www.vaughnendodontics.com/meet-us/gary-benjamin-dmd/,,,2025-10-04 12:52:59,2025-10-12T10:23:52,Randy,health care specialists endodontics vaughn
145,Security,Alarm Service,Vivint,Jacob Moore,(844) 481-8630,"15900 La Cantera Parkway #19210 San Antonio, Tx 78256",https://www.vivint.com/locations/texas/san-antonio,Responsive,,2025-10-04 12:52:59,2025-10-12T10:24:04,Randy,security alarm service vivint
156,Home Repair & Trades,Water Softener Service & Sales,Water Doctor,,(210) 505-0555,"3211 Howling Wolf, San Antonio, Tx 78261",,Many Hcr Customers,,2025-10-04 12:52:59,2025-10-12T10:24:05,Randy,home repair trades water softener service sales doctor
41,Health Care & Specialists,Dermatology,Westover Hills Dermatology,Dr. Mobolaji Opeola,(830) 465-2851,"9018 Culebra Rd Ste 104, San Antonio, Tx 78251",https://westoverhillsdermatology.com/dr-mobolaji-opeola,,,2025-10-04 12:52:59,2025-10-12T10:23:51,Randy,health care specialists dermatology westover hills skin doctor mohs acne biopsy
36,Health Care & Specialists,Dental,Whispering Oaks Dental,Dr. Barton,(210) 293-0696,5531 W. Loop 1604 N Suite 115 Suite 115,,,,2025-10-04 12:52:59,2025-10-12T10:23:51,Randy,health care specialists dental whispering oaks dentist teeth cleaning fillings crown
82,Home Repair & Trades,"Hvac, Air Conditioning, Heating",Wilks Air Conditioning,Danny Wilks,(210) 534-9911,"39 Waleetka St, San Antonio, Tx 78210",https://wilksair.com/,,,2025-10-04 12:52:59,2025-10-12T10:23:56,Randy,home repair trades hvac air conditioning heating wilks ac conditioner furnace heater duct thermostat cooling
95,Home Repair & Trades,Window Coverings,Window Fashions Of Texas,,(210) 791-7705,"16151 College Oak #102, San Antonio, Tx 78249",https://windowfashionsoftexas.com/,,,2025-10-04 12:52:59,2025-10-12T10:23:58,Randy,home repair trades window coverings fashions of texas blinds shutters shades plantation drapes
21,Financial & Tax Services,Financial Advisor,Your Retirement Solutions,Jake Yetterberg,(210) 495-3711,"14400 Northbrook Drive Suite 100 San Antonio, Tx 78232",https://www.yetterberg.com/team/jake-yetterberg,Retirement & Estate Focus,,2025-10-04 12:52:59,2025-10-12T10:23:49,Randy,financial tax services advisor your retirement solutions
34,Health Care & Specialists,Dental,Z Dentist San Antonio,,(210) 802-9999,"7010 W Loop 1604 N, Suite 205, San Antonio, Texas 78254",https://www.z-dentist.com/,,,2025-10-04 12:52:59,2025-10-12T10:23:50,Randy,health care specialists dental dentist san antonio teeth cleaning fillings crown
